context,model,mean_auroc,mean_average_precision,mean_brier,train_default_rate,test_default_rate,in_domain_minus_transfer_auroc,transfer_minus_in_domain_brier
in_domain,hgb,0.652378,0.240632,0.126771,0.155958,0.155966,,
in_domain,logreg,0.636491,0.232626,0.127833,0.155958,0.155966,,
in_domain,rf,0.612104,0.209293,0.130403,0.155958,0.155966,,
temporal,hgb,0.659153,0.355216,0.175145,0.15596,0.232818,-0.006775,0.048374
temporal,logreg,0.653352,0.349929,0.174711,0.15596,0.232818,-0.016861,0.046878
temporal,rf,0.622206,0.315663,0.179756,0.15596,0.232818,-0.010102,0.049353
cross_segment,hgb,0.652969,0.210388,0.111459,0.163641,0.131966,-0.000591,-0.015312
cross_segment,logreg,0.640763,0.203552,0.112271,0.163641,0.131966,-0.004272,-0.015562
cross_segment,rf,0.613287,0.182922,0.11451,0.163641,0.131966,-0.001183,-0.015893
