context,model,seed,prob_kind,bin,n,mean_pred,observed_rate,p_min,p_max
in_domain,logreg,0,raw,1,2697,0.04796787743898076,0.06599925843529848,0.00026529651156768995,0.06849613604701305
in_domain,logreg,0,raw,2,2696,0.08056264042023906,0.07863501483679525,0.06851432873570996,0.09163814249245637
in_domain,logreg,0,raw,3,2696,0.10120130385127883,0.10608308605341246,0.09163949826701849,0.11033774486504025
in_domain,logreg,0,raw,4,2696,0.11937524206272959,0.125,0.11033790130689299,0.1281755257331226
in_domain,logreg,0,raw,5,2696,0.13686848130642984,0.13724035608308605,0.12817992984686832,0.14591197900752922
in_domain,logreg,0,raw,6,2696,0.15529525474009614,0.17359050445103857,0.14591220296398427,0.1648393774965846
in_domain,logreg,0,raw,7,2696,0.1752896546001494,0.17210682492581603,0.1648405173639092,0.1865279764717755
in_domain,logreg,0,raw,8,2696,0.20006454305249813,0.2062314540059347,0.1865425611501561,0.21423262492311257
in_domain,logreg,0,raw,9,2696,0.23360251269972795,0.21847181008902078,0.21424169542161717,0.257139432225598
in_domain,logreg,0,raw,10,2696,0.3080673054467406,0.2763353115727003,0.25714034687876136,0.6034918960454801
in_domain,logreg,0,recal,1,2697,0.04801862011472656,0.06599925843529848,0.0002655926515388908,0.06856737185776375
in_domain,logreg,0,recal,2,2696,0.08064528915303312,0.07863501483679525,0.0685855820737274,0.09173107584060412
in_domain,logreg,0,recal,3,2696,0.10130282048530038,0.10608308605341246,0.09173243285125292,0.11044733630139598
in_domain,logreg,0,recal,4,2696,0.1194925750622203,0.125,0.11044749287934226,0.12830027926952162
in_domain,logreg,0,recal,5,2696,0.13700033816377272,0.13724035608308605,0.1283046870389607,0.14605110352806724
in_domain,logreg,0,recal,6,2696,0.15544166505307144,0.17359050445103857,0.14605132766154522,0.16499306264491231
in_domain,logreg,0,recal,7,2696,0.1754509933834871,0.17210682492581603,0.16499420336501863,0.18669736227614905
in_domain,logreg,0,recal,8,2696,0.20024312572135938,0.2062314540059347,0.18671195715895578,0.21442053781716797
in_domain,logreg,0,recal,9,2696,0.23380218921947435,0.21847181008902078,0.21442961410064193,0.25735265430036686
in_domain,logreg,0,recal,10,2696,0.30830267153269497,0.2763353115727003,0.25735356944921794,0.6037588963878826
in_domain,hgb,0,raw,1,2697,0.059484184788024,0.05005561735261402,0.022998243711362523,0.07706745968399237
in_domain,hgb,0,raw,2,2696,0.08740337260651726,0.07752225519287834,0.07706891591171616,0.09662631362956031
in_domain,hgb,0,raw,3,2696,0.10481184635010067,0.09643916913946587,0.09664844894317057,0.11279632725529268
in_domain,hgb,0,raw,4,2696,0.12076994068591942,0.12388724035608309,0.11281013771884638,0.12866636413511498
in_domain,hgb,0,raw,5,2696,0.13709500147454307,0.14614243323442136,0.12867235903209065,0.14576906471860815
in_domain,hgb,0,raw,6,2696,0.1551532888691791,0.1554154302670623,0.14577016251038516,0.16465590034110816
in_domain,hgb,0,raw,7,2696,0.17491536198669833,0.18508902077151335,0.16465894341294243,0.18598742277383956
in_domain,hgb,0,raw,8,2696,0.19861427985675767,0.20029673590504452,0.18599664236204724,0.2125452741115549
in_domain,hgb,0,raw,9,2696,0.22955077685796652,0.23738872403560832,0.21257364982515617,0.24841461693443553
in_domain,hgb,0,raw,10,2696,0.289589577123141,0.2874629080118694,0.2484217147688261,0.4728007468172489
in_domain,hgb,0,recal,1,2697,0.05958561913000036,0.05005561735261402,0.023039115544399726,0.07719682933002191
in_domain,hgb,0,recal,2,2696,0.08754838844059834,0.07752225519287834,0.07719828779777967,0.09678507278706534
in_domain,hgb,0,recal,3,2696,0.10498245267419891,0.09643916913946587,0.09680724057213204,0.11297833147449889
in_domain,hgb,0,recal,4,2696,0.12096301895091516,0.12388724035608309,0.11299216138408685,0.1288702561132112
in_domain,hgb,0,recal,5,2696,0.13731010115655587,0.14614243323442136,0.12887625910494513,0.14599551756577078
in_domain,hgb,0,recal,6,2696,0.1553916133304807,0.1554154302670623,0.1459966167714978,0.16490602984041514
in_domain,hgb,0,recal,7,2696,0.17517773781106963,0.18508902077151335,0.16490907662239632,0.18626273154700917
in_domain,hgb,0,recal,8,2696,0.19890360604815466,0.20029673590504452,0.18627196165961118,0.2128496157908741
in_domain,hgb,0,recal,9,2696,0.2298721667585649,0.23738872403560832,0.21287802115136878,0.24875409485417202
in_domain,hgb,0,recal,10,2696,0.2899612980317436,0.2874629080118694,0.24876119917786593,0.4732537819137059
in_domain,rf,0,raw,1,2697,0.03767025089605735,0.06266221727845754,0.0,0.05333333333333334
in_domain,rf,0,raw,2,2696,0.06470202769535113,0.103486646884273,0.05333333333333334,0.07333333333333333
in_domain,rf,0,raw,3,2696,0.08434718100890208,0.11646884272997032,0.07333333333333333,0.09333333333333334
in_domain,rf,0,raw,4,2696,0.10259643916913948,0.13204747774480713,0.09333333333333334,0.11333333333333333
in_domain,rf,0,raw,5,2696,0.12105588526211672,0.15244807121661721,0.11333333333333333,0.13
in_domain,rf,0,raw,6,2696,0.1405081602373887,0.16728486646884272,0.13,0.15
in_domain,rf,0,raw,7,2696,0.1626780415430267,0.18545994065281898,0.15,0.17666666666666667
in_domain,rf,0,raw,8,2696,0.1904043026706231,0.18954005934718102,0.17666666666666667,0.20666666666666667
in_domain,rf,0,raw,9,2696,0.22862883283877353,0.20586053412462907,0.20666666666666667,0.25333333333333335
in_domain,rf,0,raw,10,2696,0.3140986646884273,0.24443620178041542,0.25333333333333335,0.6966666666666667
in_domain,rf,0,recal,1,2697,0.0412013838765563,0.06266221727845754,1.0981719782706206e-06,0.05826411606733281
in_domain,rf,0,recal,2,2696,0.07060157362343825,0.103486646884273,0.05826411606733281,0.07995698640805834
in_domain,rf,0,recal,3,2696,0.09186382433345407,0.11646884272997032,0.07995698640805834,0.10156544481896279
in_domain,rf,0,recal,4,2696,0.11154219662084772,0.13204747774480713,0.10156544481896279,0.12308998304255005
in_domain,rf,0,recal,5,2696,0.13137575647215657,0.15244807121661721,0.12308998304255005,0.14096334466163857
in_domain,rf,0,recal,6,2696,0.1521988663047791,0.16728486646884272,0.14096334466163857,0.16233529374731942
in_domain,rf,0,recal,7,2696,0.1758351046056524,0.18545994065281898,0.16233529374731942,0.19070290125159492
in_domain,rf,0,recal,8,2696,0.20525179604432936,0.18954005934718102,0.19070290125159492,0.22244245227820647
in_domain,rf,0,recal,9,2696,0.24554332621085856,0.20586053412462907,0.22244245227820647,0.2714525003875651
in_domain,rf,0,recal,10,2696,0.3342889898432557,0.24443620178041542,0.2714525003875651,0.7160845579476571
in_domain,rf,1,raw,1,2697,0.037693733778272155,0.061549870226177236,0.0,0.05333333333333334
in_domain,rf,1,raw,2,2696,0.06495796241345203,0.09606824925816024,0.05333333333333334,0.07666666666666666
in_domain,rf,1,raw,3,2696,0.0851421859545005,0.125,0.07666666666666666,0.09333333333333334
in_domain,rf,1,raw,4,2696,0.1034087537091988,0.14428783382789317,0.09333333333333334,0.11333333333333333
in_domain,rf,1,raw,5,2696,0.12158011869436201,0.1446587537091988,0.11333333333333333,0.13
in_domain,rf,1,raw,6,2696,0.1408222057368942,0.16431750741839762,0.13,0.15
in_domain,rf,1,raw,7,2696,0.16261251236399604,0.17433234421364985,0.15,0.17666666666666667
in_domain,rf,1,raw,8,2696,0.18992087042532146,0.19881305637982197,0.17666666666666667,0.20666666666666667
in_domain,rf,1,raw,9,2696,0.22809099901088034,0.2166172106824926,0.20666666666666667,0.25333333333333335
in_domain,rf,1,raw,10,2696,0.31544386745796243,0.23405044510385756,0.25333333333333335,0.66
in_domain,rf,1,recal,1,2697,0.041126919749242444,0.061549870226177236,1.0953676908681383e-06,0.058123980769551435
in_domain,rf,1,recal,2,2696,0.07071072361688267,0.09606824925816024,0.058123980769551435,0.08336864521020944
in_domain,rf,1,recal,3,2696,0.09250788744049472,0.125,0.08336864521020944,0.10133236873471115
in_domain,rf,1,recal,4,2696,0.11216156841642021,0.14428783382789317,0.10133236873471115,0.12281426390467792
in_domain,rf,1,recal,5,2696,0.13164552285731643,0.1446587537091988,0.12281426390467792,0.140654011209072
in_domain,rf,1,recal,6,2696,0.15220469439984957,0.16431750741839762,0.140654011209072,0.16198790489561501
in_domain,rf,1,recal,7,2696,0.1753954743798904,0.17433234421364985,0.16198790489561501,0.19030859880995152
in_domain,rf,1,recal,8,2696,0.20432439780434453,0.19881305637982197,0.19030859880995152,0.22200052621394542
in_domain,rf,1,recal,9,2696,0.2445058635389502,0.2166172106824926,0.22200052621394542,0.2709471349854235
in_domain,rf,1,recal,10,2696,0.33511979149551413,0.23405044510385756,0.2709471349854235,0.6801332888103068
in_domain,rf,2,raw,1,2697,0.037692497837102955,0.067853170189099,0.0,0.05333333333333334
in_domain,rf,2,raw,2,2696,0.06511003956478735,0.0956973293768546,0.05333333333333334,0.07666666666666666
in_domain,rf,2,raw,3,2696,0.08454624134520276,0.11943620178041543,0.07666666666666666,0.09333333333333334
in_domain,rf,2,raw,4,2696,0.10250741839762612,0.12945103857566764,0.09333333333333334,0.11
in_domain,rf,2,raw,5,2696,0.12102621167161227,0.14948071216617212,0.11,0.13
in_domain,rf,2,raw,6,2696,0.14061325420375867,0.16060830860534125,0.13,0.15
in_domain,rf,2,raw,7,2696,0.16285979228486647,0.18694362017804153,0.15,0.17333333333333334
in_domain,rf,2,raw,8,2696,0.18997774480712165,0.19770029673590506,0.17333333333333334,0.20666666666666667
in_domain,rf,2,raw,9,2696,0.22806627101879332,0.20956973293768547,0.20666666666666667,0.25333333333333335
in_domain,rf,2,raw,10,2696,0.3153548466864491,0.24295252225519287,0.25333333333333335,0.66
in_domain,rf,2,recal,1,2697,0.04118991984468331,0.067853170189099,1.097176385201542e-06,0.058214369260955974
in_domain,rf,2,recal,2,2696,0.07098400980840622,0.0956973293768546,0.058214369260955974,0.08349481151969392
in_domain,rf,2,recal,3,2696,0.09200315104547145,0.11943620178041543,0.08349481151969392,0.1014827107476302
in_domain,rf,2,recal,4,2696,0.11135653172708171,0.12945103857566764,0.1014827107476302,0.1194129595270106
in_domain,rf,2,recal,5,2696,0.13124052177140882,0.14948071216617212,0.1194129595270106,0.1408535489495931
in_domain,rf,2,recal,6,2696,0.152194059752584,0.16060830860534125,0.1408535489495931,0.1622119948840689
in_domain,rf,2,recal,7,2696,0.17589748851495127,0.18694362017804153,0.1622119948840689,0.18702698994418762
in_domain,rf,2,recal,8,2696,0.2046524624037095,0.19770029673590506,0.18702698994418762,0.2222856148220465
in_domain,rf,2,recal,9,2696,0.244784322634509,0.20956973293768547,0.2222856148220465,0.27127316310147603
in_domain,rf,2,recal,10,2696,0.3354003467349432,0.24295252225519287,0.27127316310147603,0.6804921126944097
temporal,logreg,0,raw,1,29306,0.046269698127098975,0.08315703268955163,4.561342199546674e-27,0.0668341310687772
temporal,logreg,0,raw,2,29306,0.08015405970558988,0.12963215723742577,0.06683467654255626,0.09212420482006103
temporal,logreg,0,raw,3,29306,0.10259746111182888,0.15935303350849656,0.09212462204981188,0.11262937167238136
temporal,logreg,0,raw,4,29306,0.12218917942757453,0.1890739097795673,0.11263055758367412,0.13161776298555067
temporal,logreg,0,raw,5,29306,0.14111215915339534,0.2119361222957756,0.13161783785315354,0.15076602347897325
temporal,logreg,0,raw,6,29306,0.160980290709512,0.23889305944175254,0.15076924431036173,0.17143043210221923
temporal,logreg,0,raw,7,29306,0.18290331110740293,0.26513341977752,0.17143080026223173,0.19504224070228396
temporal,logreg,0,raw,8,29305,0.20918163896331526,0.29517147244497527,0.1950431977651228,0.22487238578226482
temporal,logreg,0,raw,9,29305,0.24534438022474414,0.33468691349599045,0.22487346669801336,0.27020778645472315
temporal,logreg,0,raw,10,29305,0.326579878649416,0.4211567991810271,0.2702078655881048,0.9999999981393948
temporal,logreg,0,recal,1,29306,0.07246828262835406,0.08315703268955163,1.6154520199825743e-06,0.10370180443405005
temporal,logreg,0,recal,2,29306,0.12335265590616618,0.12963215723742577,0.10370261736830191,0.1408371242525628
temporal,logreg,0,recal,3,29306,0.1558685324831292,0.15935303350849656,0.1408377278781277,0.17015279203744357
temporal,logreg,0,recal,4,29306,0.18356092843234004,0.1890739097795673,0.17015446749107924,0.19668956263439735
temporal,logreg,0,recal,5,29306,0.2097205331328421,0.2119361222957756,0.19668966613269281,0.22287498970082978
temporal,logreg,0,recal,6,29306,0.23658676514772464,0.23889305944175254,0.22287934671109222,0.25050742694145545
temporal,logreg,0,recal,7,29306,0.26554306270942557,0.26513341977752,0.25050791358119257,0.28131295554822217
temporal,logreg,0,recal,8,29305,0.29932917276548837,0.29517147244497527,0.2813141879945245,0.3191068938335785
temporal,logreg,0,recal,9,29305,0.34423718673976267,0.33468691349599045,0.31910824123616804,0.3742672635667601
temporal,logreg,0,recal,10,29305,0.4375278203991939,0.4211567991810271,0.37426735754630547,0.9999993809783557
temporal,hgb,0,raw,1,29306,0.055800418360978446,0.07670784139766601,0.01679849143437651,0.07417230163559936
temporal,hgb,0,raw,2,29306,0.0853918421365324,0.12465024227120726,0.0741737409958389,0.09542096105640505
temporal,hgb,0,raw,3,29306,0.10424965835866744,0.15993311949771377,0.09542130458028407,0.1128415869858684
temporal,hgb,0,raw,4,29306,0.12108392098337098,0.1904388179894902,0.1128416559839212,0.1293061334312414
temporal,hgb,0,raw,5,29306,0.13798370962273118,0.20910393776018563,0.12930641147374644,0.14677968596657362
temporal,hgb,0,raw,6,29306,0.1562562812643496,0.2358902613799222,0.1467806383870716,0.1660196142795166
temporal,hgb,0,raw,7,29306,0.17674786785270502,0.263256670988876,0.16602027785806267,0.18800568281009297
temporal,hgb,0,raw,8,29305,0.20114333480747398,0.3003924245009384,0.18800890687316338,0.21552673838526698
temporal,hgb,0,raw,9,29305,0.2342362552693861,0.3408974577717113,0.21552704402183437,0.25666349149497253
temporal,hgb,0,raw,10,29305,0.29950305077769696,0.42692373315133936,0.25666349149497253,0.5777284197144414
temporal,hgb,0,recal,1,29306,0.08932895494997405,0.07670784139766601,0.02763438126074347,0.1175909608351638
temporal,hgb,0,recal,2,29306,0.1343896510237026,0.12465024227120726,0.1175931357440531,0.14927259832521086
temporal,hgb,0,recal,3,29306,0.16216739155410456,0.15993311949771377,0.149273103727315,0.17462676084511558
temporal,hgb,0,recal,4,29306,0.18641412995687995,0.1904388179894902,0.17462686018591198,0.19809333658226896
temporal,hgb,0,recal,5,29306,0.21025078554082755,0.20910393776018563,0.19809372888397578,0.2224870760715377
temporal,hgb,0,recal,6,29306,0.23547720057048516,0.2358902613799222,0.22248839164089088,0.24875747167935477
temporal,hgb,0,recal,7,29306,0.263113483608811,0.263256670988876,0.2487583673188302,0.2780475099889715
temporal,hgb,0,recal,8,29305,0.29514194653188985,0.3003924245009384,0.27805174940820093,0.31365781302715834
temporal,hgb,0,recal,9,29305,0.33712670912374604,0.3408974577717113,0.31365820218226914,0.36481424543227686
temporal,hgb,0,recal,10,29305,0.41478352334599405,0.42692373315133936,0.36481424543227686,0.6947262674615765
temporal,rf,0,raw,1,29306,0.03960690643554221,0.10779362587865966,0.0,0.056666666666666664
temporal,rf,0,raw,2,29306,0.06837302941377194,0.14949157169180372,0.056666666666666664,0.08
temporal,rf,0,raw,3,29306,0.08887087968334129,0.1775063127004709,0.08,0.1
temporal,rf,0,raw,4,29306,0.10810334629996134,0.19613730976591826,0.1,0.11666666666666667
temporal,rf,0,raw,5,29306,0.12728417388930593,0.2189312768716304,0.11666666666666667,0.13666666666666666
temporal,rf,0,raw,6,29306,0.14769194021702042,0.23947314543096976,0.13666666666666666,0.16
temporal,rf,0,raw,7,29306,0.17096908482904524,0.2623694806524261,0.16,0.18333333333333332
temporal,rf,0,raw,8,29305,0.19923482909628615,0.2891315475174885,0.18333333333333332,0.21666666666666667
temporal,rf,0,raw,9,29305,0.23837843371438322,0.31868281863163284,0.21666666666666667,0.26666666666666666
temporal,rf,0,raw,10,29305,0.3255826650742194,0.3686742876642211,0.26666666666666666,0.71
temporal,rf,0,recal,1,29306,0.06760188188805014,0.10779362587865966,1.7633206616195815e-06,0.09577868180865728
temporal,rf,0,recal,2,29306,0.11453357191678305,0.14949157169180372,0.09577868180865728,0.13294723649101708
temporal,rf,0,recal,3,29306,0.14671781544414525,0.1775063127004709,0.13294723649101708,0.16382693060337616
temporal,rf,0,recal,4,29306,0.17605804357501847,0.19613730976591826,0.16382693060337616,0.18889867411801284
temporal,rf,0,recal,5,29306,0.20453371927783343,0.2189312768716304,0.18889867411801284,0.2182222488733376
temporal,rf,0,recal,6,29306,0.23400502281530916,0.23947314543096976,0.2182222488733376,0.251424646649613
temporal,rf,0,recal,7,29306,0.2666221035001363,0.2623694806524261,0.251424646649613,0.28358951333972665
temporal,rf,0,recal,8,29305,0.30486326971501676,0.2891315475174885,0.28358951333972665,0.3278338327778596
temporal,rf,0,recal,9,29305,0.3554669806413184,0.31868281863163284,0.3278338327778596,0.39069271029883834
temporal,rf,0,recal,10,29305,0.45779379273497545,0.3686742876642211,0.39069271029883834,0.8119275088036922
temporal,rf,1,raw,1,29306,0.03942184763074683,0.10789599399440387,0.0,0.056666666666666664
temporal,rf,1,raw,2,29306,0.06830376032211834,0.14812666348188083,0.056666666666666664,0.08
temporal,rf,1,raw,3,29306,0.08900134215973976,0.17508360062785777,0.08,0.1
temporal,rf,1,raw,4,29306,0.1083175231465684,0.19934484405923703,0.1,0.11666666666666667
temporal,rf,1,raw,5,29306,0.12763643394981689,0.21992083532382448,0.11666666666666667,0.13666666666666666
temporal,rf,1,raw,6,29306,0.14821197024500105,0.23800586910530266,0.13666666666666666,0.16
temporal,rf,1,raw,7,29306,0.1715805637070907,0.26206237630519347,0.16,0.18333333333333332
temporal,rf,1,raw,8,29305,0.20007495876699086,0.2889609281692544,0.18333333333333332,0.21666666666666667
temporal,rf,1,raw,9,29305,0.23931763635329578,0.32141272820337824,0.21666666666666667,0.26666666666666666
temporal,rf,1,raw,10,29305,0.3268720923619405,0.36737758061764203,0.26666666666666666,0.6866666666666666
temporal,rf,1,recal,1,29306,0.06706891904589389,0.10789599399440387,1.7569904440171348e-06,0.0954676670078306
temporal,rf,1,recal,2,29306,0.11405921430176338,0.14812666348188083,0.0954676670078306,0.132533217489387
temporal,rf,1,recal,3,29306,0.14646883249755843,0.17508360062785777,0.132533217489387,0.1633348626596419
temporal,rf,1,recal,4,29306,0.17585887751462215,0.19934484405923703,0.1633348626596419,0.18834826358324389
temporal,rf,1,recal,5,29306,0.20446424034299807,0.21992083532382448,0.18834826358324389,0.217609318981414
temporal,rf,1,recal,6,29306,0.23409914068988488,0.23800586910530266,0.217609318981414,0.2507483711559017
temporal,rf,1,recal,7,29306,0.2667604000285247,0.26206237630519347,0.2507483711559017,0.282859412957798
temporal,rf,1,recal,8,29305,0.30521820751766143,0.2889609281692544,0.282859412957798,0.3270418240802312
temporal,rf,1,recal,9,29305,0.3558241235947043,0.32141272820337824,0.3270418240802312,0.38983691609176646
temporal,rf,1,recal,10,29305,0.4583743000281317,0.36737758061764203,0.38983691609176646,0.7938326599431169
temporal,rf,2,raw,1,29306,0.039427875975340664,0.1086125708046134,0.0,0.056666666666666664
temporal,rf,2,raw,2,29306,0.06821333515321094,0.14884324029209037,0.056666666666666664,0.08
temporal,rf,2,raw,3,29306,0.08884608385086103,0.17733569917423053,0.08,0.1
temporal,rf,2,raw,4,29306,0.10802395413908415,0.1982529174912987,0.1,0.11666666666666667
temporal,rf,2,raw,5,29306,0.12725232603107442,0.21859004981914967,0.11666666666666667,0.13666666666666666
temporal,rf,2,raw,6,29306,0.14771866966946476,0.2375963966423258,0.13666666666666666,0.16
temporal,rf,2,raw,7,29306,0.17083555130917447,0.26185764007370504,0.16,0.18333333333333332
temporal,rf,2,raw,8,29305,0.19909924358755618,0.2921003241767616,0.18333333333333332,0.21666666666666667
temporal,rf,2,raw,9,29305,0.2385516692259569,0.3168742535403515,0.21666666666666667,0.26666666666666666
temporal,rf,2,raw,10,29305,0.3264910424842177,0.36812830574987204,0.26666666666666666,0.7
temporal,rf,2,recal,1,29306,0.0673025109629127,0.1086125708046134,1.7631893506967837e-06,0.09577223244274509
temporal,rf,2,recal,2,29306,0.11427055445655482,0.14884324029209037,0.09577223244274509,0.13293865229821233
temporal,rf,2,recal,3,29306,0.14667106689522813,0.17733569917423053,0.13293865229821233,0.16381672926644303
temporal,rf,2,recal,4,29306,0.1759279298665705,0.1982529174912987,0.16381672926644303,0.18888726425440525
temporal,rf,2,recal,5,29306,0.2044743176780413,0.21859004981914967,0.18888726425440525,0.2182095443108414
temporal,rf,2,recal,6,29306,0.23402922267770304,0.2375963966423258,0.2182095443108414,0.2514106307226213
temporal,rf,2,recal,7,29306,0.2664237119007066,0.26185764007370504,0.2514106307226213,0.28357438359515436
temporal,rf,2,recal,8,29305,0.3046658800785304,0.2921003241767616,0.28357438359515436,0.32781742267340386
temporal,rf,2,recal,9,29305,0.35566751894272547,0.3168742535403515,0.32781742267340386,0.39067498250712634
temporal,rf,2,recal,10,29305,0.4587635291014706,0.36812830574987204,0.39067498250712634,0.8044626176814337
cross_segment,logreg,0,raw,1,3281,0.05294740505868214,0.049679975617189884,9.85082772356023e-05,0.07361422631497029
cross_segment,logreg,0,raw,2,3281,0.08553769936359139,0.0743675708625419,0.07362333697775487,0.09668105446905083
cross_segment,logreg,0,raw,3,3281,0.10637801066273112,0.08625419079548918,0.09668957725560114,0.11549741373227033
cross_segment,logreg,0,raw,4,3281,0.12395095485330636,0.1030173727522097,0.11549767301534311,0.13274563541739906
cross_segment,logreg,0,raw,5,3280,0.14124462282024772,0.11432926829268293,0.13274595322903981,0.14991893383040947
cross_segment,logreg,0,raw,6,3280,0.15909112640387263,0.13048780487804879,0.14992734075858236,0.16870969196990773
cross_segment,logreg,0,raw,7,3280,0.1790542032483127,0.15335365853658536,0.16871330948317628,0.18990686274891394
cross_segment,logreg,0,raw,8,3280,0.2021769622397167,0.16676829268292684,0.1899124590981544,0.21617676091287946
cross_segment,logreg,0,raw,9,3280,0.23477616706010868,0.20670731707317072,0.21619823795763474,0.2563327548699021
cross_segment,logreg,0,raw,10,3280,0.30414433914368,0.2347560975609756,0.2563504909160466,0.5646031133704442
cross_segment,logreg,0,recal,1,3281,0.04274495452673376,0.049679975617189884,7.860762486482313e-05,0.05962833933844035
cross_segment,logreg,0,recal,2,3281,0.06946409112001842,0.0743675708625419,0.05963583050410753,0.0786849598021309
cross_segment,logreg,0,recal,3,3281,0.08675534843293428,0.08625419079548918,0.07869203436752625,0.09436474677287672
cross_segment,logreg,0,recal,4,3281,0.10145323799508457,0.1030173727522097,0.09436496367605722,0.10884540821280761
cross_segment,logreg,0,recal,5,3280,0.11602316876255796,0.11432926829268293,0.10884567598547569,0.12336656668386485
cross_segment,logreg,0,recal,6,3280,0.1311700124670767,0.13048780487804879,0.12337370074419397,0.13937491695987814
cross_segment,logreg,0,recal,7,3280,0.1482482747831811,0.15335365853658536,0.139378010931549,0.15758506977140968
cross_segment,logreg,0,recal,8,3280,0.16821080907714847,0.16676829268292684,0.1575898989229149,0.18037943535257842
cross_segment,logreg,0,recal,9,3280,0.1966966239934513,0.20670731707317072,0.18039817447383963,0.21571590453403872
cross_segment,logreg,0,recal,10,3280,0.2589589536761929,0.2347560975609756,0.21573164549592216,0.50854248248189
cross_segment,hgb,0,raw,1,3281,0.06512490425485785,0.04266991770801585,0.022850653152624672,0.08121429847744664
cross_segment,hgb,0,raw,2,3281,0.09095655299599353,0.06309052118256629,0.08121542517480058,0.0998581791408256
cross_segment,hgb,0,raw,3,3281,0.1079904076765175,0.08625419079548918,0.09985866626956953,0.11587353610894004
cross_segment,hgb,0,raw,4,3281,0.12353861978249962,0.09966473636086559,0.11587868960695807,0.13135708758458894
cross_segment,hgb,0,raw,5,3280,0.13978207405637916,0.1152439024390244,0.1313581651421991,0.14886480135927052
cross_segment,hgb,0,raw,6,3280,0.1583691539294922,0.13201219512195123,0.14886675312323613,0.16859682278947102
cross_segment,hgb,0,raw,7,3280,0.17901275381769338,0.15457317073170732,0.16860961555119278,0.1898296490570476
cross_segment,hgb,0,raw,8,3280,0.20233811923918646,0.17134146341463416,0.1898368120401377,0.21535258989922135
cross_segment,hgb,0,raw,9,3280,0.23178289764124155,0.20182926829268294,0.21536277066488574,0.2516832205366926
cross_segment,hgb,0,raw,10,3280,0.2892258390493407,0.2530487804878049,0.2516972697129683,0.4928658885450544
cross_segment,hgb,0,recal,1,3281,0.052805280189523206,0.04266991770801585,0.018360576159898653,0.06603092867046313
cross_segment,hgb,0,recal,2,3281,0.07410355308843365,0.06309052118256629,0.06603185986527732,0.08149843083379871
cross_segment,hgb,0,recal,3,3281,0.08828560303892262,0.08625419079548918,0.08149883650891294,0.0948796039299211
cross_segment,hgb,0,recal,4,3281,0.10131847384485912,0.09966473636086559,0.09488392392384365,0.10790021418842455
cross_segment,hgb,0,recal,5,3280,0.11502447702205143,0.1152439024390244,0.10790112322539284,0.12272322128854982
cross_segment,hgb,0,recal,6,3280,0.13082068296624202,0.13201219512195123,0.12272487973050988,0.13955833501949186
cross_segment,hgb,0,recal,7,3280,0.14850732181702989,0.15457317073170732,0.1395692942890047,0.15782833222357773
cross_segment,hgb,0,recal,8,3280,0.1686771758698427,0.17134146341463416,0.15783452292383696,0.1800046024762836
cross_segment,hgb,0,recal,9,3280,0.194425461469147,0.20182926829268294,0.18001349554699997,0.21198298961757073
cross_segment,hgb,0,recal,10,3280,0.245752553168697,0.2530487804878049,0.2119954505059833,0.4373566698882149
cross_segment,rf,0,raw,1,3281,0.03716143452199533,0.052727826882048155,0.0,0.05333333333333334
cross_segment,rf,0,raw,2,3281,0.06447526160723357,0.08351112465711673,0.05333333333333334,0.07666666666666666
cross_segment,rf,0,raw,3,3281,0.08491821599105964,0.10515086863761049,0.07666666666666666,0.09333333333333334
cross_segment,rf,0,raw,4,3281,0.10407904094280197,0.11246571167327034,0.09333333333333334,0.11333333333333333
cross_segment,rf,0,raw,5,3280,0.12346544715447155,0.12408536585365854,0.11333333333333333,0.13333333333333333
cross_segment,rf,0,raw,6,3280,0.1441666666666667,0.12865853658536586,0.13333333333333333,0.15666666666666668
cross_segment,rf,0,raw,7,3280,0.1677987804878049,0.1551829268292683,0.15666666666666668,0.18
cross_segment,rf,0,raw,8,3280,0.1960030487804878,0.16128048780487805,0.18,0.21333333333333335
cross_segment,rf,0,raw,9,3280,0.23629369918699186,0.1801829268292683,0.21333333333333335,0.2633333333333333
cross_segment,rf,0,raw,10,3280,0.3269939024390244,0.21646341463414634,0.2633333333333333,0.7
cross_segment,rf,0,recal,1,3281,0.032308342006754316,0.052727826882048155,8.646153800503392e-07,0.04644819410871447
cross_segment,rf,0,recal,2,3281,0.05624215921157948,0.08351112465711673,0.04644819410871447,0.0669824138937429
cross_segment,rf,0,recal,3,3281,0.0742794018251439,0.10515086863761049,0.0669824138937429,0.08173015938531755
cross_segment,rf,0,recal,4,3281,0.0912781958023311,0.11246571167327034,0.08173015938531755,0.09951667419932377
cross_segment,rf,0,recal,5,3280,0.10856901216116738,0.12408536585365854,0.09951667419932377,0.1174012805990141
cross_segment,rf,0,recal,6,3280,0.1271351311679347,0.12865853658536586,0.1174012805990141,0.13839171765593233
cross_segment,rf,0,recal,7,3280,0.1484602963107302,0.1551829268292683,0.13839171765593233,0.15951808382782426
cross_segment,rf,0,recal,8,3280,0.17409883184137567,0.16128048780487805,0.15951808382782426,0.18993703213609425
cross_segment,rf,0,recal,9,3280,0.2110820634146389,0.1801829268292683,0.18993703213609425,0.23609926842756532
cross_segment,rf,0,recal,10,3280,0.2962861642948367,0.21646341463414634,0.23609926842756532,0.668592762849708
cross_segment,rf,1,raw,1,3281,0.037028345016763185,0.05242304175556233,0.0,0.05333333333333334
cross_segment,rf,1,raw,2,3281,0.0644407192928985,0.08137762877171593,0.05333333333333334,0.07666666666666666
cross_segment,rf,1,raw,3,3281,0.08488062582545972,0.0987503809814081,0.07666666666666666,0.09333333333333334
cross_segment,rf,1,raw,4,3281,0.1038910901148024,0.12130448034135934,0.09333333333333334,0.11333333333333333
cross_segment,rf,1,raw,5,3280,0.12266565040650407,0.12713414634146342,0.11333333333333333,0.13333333333333333
cross_segment,rf,1,raw,6,3280,0.14388313008130083,0.1350609756097561,0.13333333333333333,0.15666666666666668
cross_segment,rf,1,raw,7,3280,0.16791056910569105,0.13841463414634148,0.15666666666666668,0.18
cross_segment,rf,1,raw,8,3280,0.19673475609756097,0.1719512195121951,0.18,0.21333333333333335
cross_segment,rf,1,raw,9,3280,0.2365467479674797,0.17835365853658536,0.21333333333333335,0.2633333333333333
cross_segment,rf,1,raw,10,3280,0.3286056910569106,0.2149390243902439,0.2633333333333333,0.7166666666666667
cross_segment,rf,1,recal,1,3281,0.03215779623502371,0.05242304175556233,8.636432834211164e-07,0.04639839487472774
cross_segment,rf,1,recal,2,3281,0.05615214082338206,0.08137762877171593,0.04639839487472774,0.06691214385590827
cross_segment,rf,1,recal,3,3281,0.07416867930952094,0.0987503809814081,0.06691214385590827,0.08164577163068351
cross_segment,rf,1,recal,4,3281,0.09101787542672116,0.12130448034135934,0.08164577163068351,0.09941590983262477
cross_segment,rf,1,recal,5,3280,0.107745608502698,0.12713414634146342,0.09941590983262477,0.11728476600893822
cross_segment,rf,1,recal,6,3280,0.12675562073012403,0.1350609756097561,0.11728476600893822,0.13825763444554798
cross_segment,rf,1,recal,7,3280,0.1484200247578209,0.13841463414634148,0.13825763444554798,0.1593673179536287
cross_segment,rf,1,recal,8,3280,0.1746037169594521,0.1719512195121951,0.1593673179536287,0.1897640074639777
cross_segment,rf,1,recal,9,3280,0.21112865004401307,0.17835365853658536,0.1897640074639777,0.23589643771264643
cross_segment,rf,1,recal,10,3280,0.2975896833598589,0.2149390243902439,0.23589643771264643,0.6859798661873278
cross_segment,rf,2,raw,1,3281,0.037342273697043585,0.05608046327339226,0.0,0.05333333333333334
cross_segment,rf,2,raw,2,3281,0.06470791425378443,0.08259676927765926,0.05333333333333334,0.07666666666666666
cross_segment,rf,2,raw,3,3281,0.08487554607335163,0.09783602560195062,0.07666666666666666,0.09333333333333334
cross_segment,rf,2,raw,4,3281,0.10418266788580716,0.11886619932947272,0.09333333333333334,0.11333333333333333
cross_segment,rf,2,raw,5,3280,0.12363109756097561,0.12408536585365854,0.11333333333333333,0.13333333333333333
cross_segment,rf,2,raw,6,3280,0.14450508130081302,0.13658536585365855,0.13333333333333333,0.15666666666666668
cross_segment,rf,2,raw,7,3280,0.16801016260162602,0.14573170731707316,0.15666666666666668,0.18
cross_segment,rf,2,raw,8,3280,0.19706097560975608,0.16097560975609757,0.18,0.21333333333333335
cross_segment,rf,2,raw,9,3280,0.2368455284552846,0.1798780487804878,0.21333333333333335,0.26666666666666666
cross_segment,rf,2,raw,10,3280,0.3287002032520325,0.21707317073170732,0.26666666666666666,0.67
cross_segment,rf,2,recal,1,3281,0.03234713483358913,0.05608046327339226,8.613145158401739e-07,0.04627907401077477
cross_segment,rf,2,recal,2,3281,0.05624314836922516,0.08259676927765926,0.04627907401077477,0.06674376096262467
cross_segment,rf,2,recal,3,3281,0.07397909738283788,0.09783602560195062,0.06674376096262467,0.08144354810834083
cross_segment,rf,2,recal,4,3281,0.09105357023849572,0.11886619932947272,0.08144354810834083,0.0991744256332722
cross_segment,rf,2,recal,5,3280,0.10834740024914441,0.12408536585365854,0.0991744256332722,0.1170055169510005
cross_segment,rf,2,recal,6,3280,0.12701469792297748,0.13658536585365855,0.1170055169510005,0.13793625312978114
cross_segment,rf,2,recal,7,3280,0.14816901963286422,0.14573170731707316,0.13793625312978114,0.15900592113701623
cross_segment,rf,2,recal,8,3280,0.17451171011048544,0.16097560975609757,0.15900592113701623,0.1893492064816124
cross_segment,rf,2,recal,9,3280,0.2109550144468895,0.1798780487804878,0.1893492064816124,0.23850440638723341
cross_segment,rf,2,recal,10,3280,0.29711896112452363,0.21707317073170732,0.23850440638723341,0.6361955228479745
